country,brand,drivetrain_type,year,month,units_sold,frequency,source,trend_byd,trend_ev_charging,trend_tesla,trend_electric_car,trend_electric_vehicle,slow_chargers_cumulative,fast_chargers_cumulative,total_chargers_cumulative,gasoline_price_usd_per_liter,units_sold_lag1,units_sold_lag3,units_sold_lag12,units_sold_rolling3,units_sold_yoy_growth,quarter,date,date_str
China,BYD,BEV+PHEV,2020,1,24840,monthly_est,brand_reports,2.75,,67.25,0,,673000,111000,784000,0.78,,,,24840,,1,2020-01-01,2020-01
China,BYD,BEV+PHEV,2020,2,24840,monthly_est,brand_reports,0,,68,0,,673000,111000,784000,0.78,24840,,,24840,,1,2020-02-01,2020-02
China,BYD,BEV+PHEV,2020,3,24840,monthly_est,brand_reports,0,,54.4,0,,673000,111000,784000,0.78,24840,,,24840,,1,2020-03-01,2020-03
China,BYD,BEV+PHEV,2020,4,29880,monthly_est,brand_reports,0,,58.25,0,,673000,111000,784000,0.8,24840,24840,,26520,,2,2020-04-01,2020-04
China,BYD,BEV+PHEV,2020,5,29880,monthly_est,brand_reports,0,,45.2,0,,673000,111000,784000,0.8,29880,24840,,28200,,2,2020-05-01,2020-05
China,BYD,BEV+PHEV,2020,6,29880,monthly_est,brand_reports,0,,47.25,0,,673000,111000,784000,0.8,29880,24840,,29880,,2,2020-06-01,2020-06
China,BYD,BEV+PHEV,2020,7,38630,monthly_est,brand_reports,0,,54,0,,673000,111000,784000,0.86,29880,29880,,32796.66667,,3,2020-07-01,2020-07
China,BYD,BEV+PHEV,2020,8,38630,monthly_est,brand_reports,0,,61,0,,673000,111000,784000,0.86,38630,29880,,35713.33333,,3,2020-08-01,2020-08
China,BYD,BEV+PHEV,2020,9,38630,monthly_est,brand_reports,0,,78.5,0,,673000,111000,784000,0.86,38630,29880,,38630,,3,2020-09-01,2020-09
China,BYD,BEV+PHEV,2020,10,63013,monthly_est,brand_reports,0,,58.75,0,,673000,111000,784000,0.88,38630,38630,,46757.66667,,4,2020-10-01,2020-10
China,BYD,BEV+PHEV,2020,11,63013,monthly_est,brand_reports,0,,64.6,0,,673000,111000,784000,0.88,63013,38630,,54885.33333,,4,2020-11-01,2020-11
China,BYD,BEV+PHEV,2020,12,63013,monthly_est,brand_reports,0,0,71.4,0,0,673000,111000,784000,0.88,63013,38630,,63013,,4,2020-12-01,2020-12
China,BYD,BEV+PHEV,2021,1,60662,monthly_est,brand_reports,6.4,0,79,0,0,1150000,261000,1411000,0.95,63013,63013,24840,62229.33333,1.4421,1,2021-01-01,2021-01
China,BYD,BEV+PHEV,2021,2,60662,monthly_est,brand_reports,3.25,0,82.25,0,0,1150000,261000,1411000,0.95,60662,63013,24840,61445.66667,1.4421,1,2021-02-01,2021-02
China,BYD,BEV+PHEV,2021,3,60662,monthly_est,brand_reports,2.5,0,63.75,3.25,25,1150000,261000,1411000,0.95,60662,63013,24840,60662,1.4421,1,2021-03-01,2021-03
China,BYD,BEV+PHEV,2021,4,73762,monthly_est,brand_reports,7.25,0,57,0,0,1150000,261000,1411000,1.02,60662,60662,29880,65028.66667,1.4686,2,2021-04-01,2021-04
China,BYD,BEV+PHEV,2021,5,73762,monthly_est,brand_reports,1.4,0,51,0,0,1150000,261000,1411000,1.02,73762,60662,29880,69395.33333,1.4686,2,2021-05-01,2021-05
China,BYD,BEV+PHEV,2021,6,73762,monthly_est,brand_reports,1.5,0,40.75,0,0,1150000,261000,1411000,1.02,73762,60662,29880,73762,1.4686,2,2021-06-01,2021-06
China,BYD,BEV+PHEV,2021,7,104154,monthly_est,brand_reports,1.75,0,41,0,0,1150000,261000,1411000,1.08,73762,73762,38630,83892.66667,1.6962,3,2021-07-01,2021-07
China,BYD,BEV+PHEV,2021,8,104154,monthly_est,brand_reports,6.2,0,46.2,1,0,1150000,261000,1411000,1.08,104154,73762,38630,94023.33333,1.6962,3,2021-08-01,2021-08
China,BYD,BEV+PHEV,2021,9,104154,monthly_est,brand_reports,3,0,43.25,1.5,0,1150000,261000,1411000,1.08,104154,73762,38630,104154,1.6962,3,2021-09-01,2021-09
China,BYD,BEV+PHEV,2021,10,194296,monthly_est,brand_reports,3.2,0,50,1.2,0,1150000,261000,1411000,1.12,104154,104154,63013,134201.3333,2.0834,4,2021-10-01,2021-10
China,BYD,BEV+PHEV,2021,11,194296,monthly_est,brand_reports,5.25,0,55.25,1.5,0,1150000,261000,1411000,1.12,194296,104154,63013,164248.6667,2.0834,4,2021-11-01,2021-11
China,BYD,BEV+PHEV,2021,12,194296,monthly_est,brand_reports,8.2,0,50.6,0,0,1150000,261000,1411000,1.12,194296,104154,63013,194296,2.0834,4,2021-12-01,2021-12
China,BYD,BEV+PHEV,2022,1,213863,monthly_est,brand_reports,8,0,79,0,0,1750000,521000,2271000,1.15,194296,194296,60662,200818.3333,2.5255,1,2022-01-01,2022-01
China,BYD,BEV+PHEV,2022,2,213863,monthly_est,brand_reports,13.75,0,72,0,0,1750000,521000,2271000,1.15,213863,194296,60662,207340.6667,2.5255,1,2022-02-01,2022-02
China,BYD,BEV+PHEV,2022,3,213863,monthly_est,brand_reports,10.5,0,73.75,7.25,0,1750000,521000,2271000,1.15,213863,194296,60662,213863,2.5255,1,2022-03-01,2022-03
China,BYD,BEV+PHEV,2022,4,293533,monthly_est,brand_reports,10.75,0,76,4,25,1750000,521000,2271000,1.25,213863,213863,73762,240419.6667,2.9795,2,2022-04-01,2022-04
China,BYD,BEV+PHEV,2022,5,293533,monthly_est,brand_reports,10.4,0,80.4,0,13,1750000,521000,2271000,1.25,293533,213863,73762,266976.3333,2.9795,2,2022-05-01,2022-05
China,BYD,BEV+PHEV,2022,6,293533,monthly_est,brand_reports,15.25,0,75.5,0,16.75,1750000,521000,2271000,1.25,293533,213863,73762,293533,2.9795,2,2022-06-01,2022-06
China,BYD,BEV+PHEV,2022,7,405002,monthly_est,brand_reports,14.2,13,66.6,3,0,1750000,521000,2271000,1.28,293533,293533,104154,330689.3333,2.8885,3,2022-07-01,2022-07
China,BYD,BEV+PHEV,2022,8,405002,monthly_est,brand_reports,14,0,65.5,0,0,1750000,521000,2271000,1.28,405002,293533,104154,367845.6667,2.8885,3,2022-08-01,2022-08
China,BYD,BEV+PHEV,2022,9,405002,monthly_est,brand_reports,13.25,0,72.75,0,0,1750000,521000,2271000,1.28,405002,293533,104154,405002,2.8885,3,2022-09-01,2022-09
China,BYD,BEV+PHEV,2022,10,622753,monthly_est,brand_reports,15.6,0,81,3.6,0,1750000,521000,2271000,1.18,405002,405002,194296,477585.6667,2.2052,4,2022-10-01,2022-10
China,BYD,BEV+PHEV,2022,11,622753,monthly_est,brand_reports,15,0,66,1.75,0,1750000,521000,2271000,1.18,622753,405002,194296,550169.3333,2.2052,4,2022-11-01,2022-11
China,BYD,BEV+PHEV,2022,12,622753,monthly_est,brand_reports,13.25,0,68.5,0,0,1750000,521000,2271000,1.18,622753,405002,194296,622753,2.2052,4,2022-12-01,2022-12
China,BYD,BEV+PHEV,2023,1,378271,monthly_est,brand_reports,20.6,0,81.6,0,0,2750000,859000,3609000,1.1,622753,622753,213863,541259,0.7688,1,2023-01-01,2023-01
China,BYD,BEV+PHEV,2023,2,378271,monthly_est,brand_reports,15.5,0,78,0,15.5,2750000,859000,3609000,1.1,378271,622753,213863,459765,0.7688,1,2023-02-01,2023-02
China,BYD,BEV+PHEV,2023,3,378271,monthly_est,brand_reports,17.5,0,62.25,1.5,0,2750000,859000,3609000,1.1,378271,622753,213863,378271,0.7688,1,2023-03-01,2023-03
China,BYD,BEV+PHEV,2023,4,502822,monthly_est,brand_reports,24.2,0,66.6,2.6,12.2,2750000,859000,3609000,1.08,378271,378271,293533,419788,0.713,2,2023-04-01,2023-04
China,BYD,BEV+PHEV,2023,5,502822,monthly_est,brand_reports,21.75,0,64.75,1.5,16,2750000,859000,3609000,1.08,502822,378271,293533,461305,0.713,2,2023-05-01,2023-05
China,BYD,BEV+PHEV,2023,6,502822,monthly_est,brand_reports,20,0,66.5,3.5,0,2750000,859000,3609000,1.08,502822,378271,293533,502822,0.713,2,2023-06-01,2023-06
China,BYD,BEV+PHEV,2023,7,578335,monthly_est,brand_reports,19.8,0,67.4,3,0,2750000,859000,3609000,1.12,502822,502822,405002,527993,0.428,3,2023-07-01,2023-07
China,BYD,BEV+PHEV,2023,8,578335,monthly_est,brand_reports,20.25,0,70,1.5,0,2750000,859000,3609000,1.12,578335,502822,405002,553164,0.428,3,2023-08-01,2023-08
China,BYD,BEV+PHEV,2023,9,578335,monthly_est,brand_reports,20,0,58.75,1.5,0,2750000,859000,3609000,1.12,578335,502822,405002,578335,0.428,3,2023-09-01,2023-09
China,BYD,BEV+PHEV,2023,10,648008,monthly_est,brand_reports,20.6,0,59,2.6,21.4,2750000,859000,3609000,1.05,578335,578335,622753,601559.3333,0.0406,4,2023-10-01,2023-10
China,BYD,BEV+PHEV,2023,11,648008,monthly_est,brand_reports,21.5,0,60.25,6,31.5,2750000,859000,3609000,1.05,648008,578335,622753,624783.6667,0.0406,4,2023-11-01,2023-11
China,BYD,BEV+PHEV,2023,12,648008,monthly_est,brand_reports,18.67,0,58.33,3.83,25.5,2750000,859000,3609000,1.05,648008,578335,622753,648008,0.0406,4,2023-12-01,2023-12
China,Tesla,BEV+PHEV,2021,1,23093,monthly_est,brand_reports,6.4,0,79,0,0,1150000,261000,1411000,0.95,,,,23093,,1,2021-01-01,2021-01
China,Tesla,BEV+PHEV,2021,2,23093,monthly_est,brand_reports,3.25,0,82.25,0,0,1150000,261000,1411000,0.95,23093,,,23093,,1,2021-02-01,2021-02
China,Tesla,BEV+PHEV,2021,3,23093,monthly_est,brand_reports,2.5,0,63.75,3.25,25,1150000,261000,1411000,0.95,23093,,,23093,,1,2021-03-01,2021-03
China,Tesla,BEV+PHEV,2021,4,37487,monthly_est,brand_reports,7.25,0,57,0,0,1150000,261000,1411000,1.02,23093,23093,,27891,,2,2021-04-01,2021-04
China,Tesla,BEV+PHEV,2021,5,37487,monthly_est,brand_reports,1.4,0,51,0,0,1150000,261000,1411000,1.02,37487,23093,,32689,,2,2021-05-01,2021-05
China,Tesla,BEV+PHEV,2021,6,37487,monthly_est,brand_reports,1.5,0,40.75,0,0,1150000,261000,1411000,1.02,37487,23093,,37487,,2,2021-06-01,2021-06
China,Tesla,BEV+PHEV,2021,7,35042,monthly_est,brand_reports,1.75,0,41,0,0,1150000,261000,1411000,1.08,37487,37487,,36672,,3,2021-07-01,2021-07
China,Tesla,BEV+PHEV,2021,8,35042,monthly_est,brand_reports,6.2,0,46.2,1,0,1150000,261000,1411000,1.08,35042,37487,,35857,,3,2021-08-01,2021-08
China,Tesla,BEV+PHEV,2021,9,35042,monthly_est,brand_reports,3,0,43.25,1.5,0,1150000,261000,1411000,1.08,35042,37487,,35042,,3,2021-09-01,2021-09
China,Tesla,BEV+PHEV,2021,10,66597,monthly_est,brand_reports,3.2,0,50,1.2,0,1150000,261000,1411000,1.12,35042,35042,,45560.33333,,4,2021-10-01,2021-10
China,Tesla,BEV+PHEV,2021,11,66597,monthly_est,brand_reports,5.25,0,55.25,1.5,0,1150000,261000,1411000,1.12,66597,35042,,56078.66667,,4,2021-11-01,2021-11
China,Tesla,BEV+PHEV,2021,12,66597,monthly_est,brand_reports,8.2,0,50.6,0,0,1150000,261000,1411000,1.12,66597,35042,,66597,,4,2021-12-01,2021-12
China,Tesla,BEV+PHEV,2022,1,35266,monthly_est,brand_reports,8,0,79,0,0,1750000,521000,2271000,1.15,66597,66597,23093,56153.33333,0.5271,1,2022-01-01,2022-01
China,Tesla,BEV+PHEV,2022,2,35266,monthly_est,brand_reports,13.75,0,72,0,0,1750000,521000,2271000,1.15,35266,66597,23093,45709.66667,0.5271,1,2022-02-01,2022-02
China,Tesla,BEV+PHEV,2022,3,35266,monthly_est,brand_reports,10.5,0,73.75,7.25,0,1750000,521000,2271000,1.15,35266,66597,23093,35266,0.5271,1,2022-03-01,2022-03
China,Tesla,BEV+PHEV,2022,4,25153,monthly_est,brand_reports,10.75,0,76,4,25,1750000,521000,2271000,1.25,35266,35266,37487,31895,-0.329,2,2022-04-01,2022-04
China,Tesla,BEV+PHEV,2022,5,25153,monthly_est,brand_reports,10.4,0,80.4,0,13,1750000,521000,2271000,1.25,25153,35266,37487,28524,-0.329,2,2022-05-01,2022-05
China,Tesla,BEV+PHEV,2022,6,25153,monthly_est,brand_reports,15.25,0,75.5,0,16.75,1750000,521000,2271000,1.25,25153,35266,37487,25153,-0.329,2,2022-06-01,2022-06
China,Tesla,BEV+PHEV,2022,7,62995,monthly_est,brand_reports,14.2,13,66.6,3,0,1750000,521000,2271000,1.28,25153,25153,35042,37767,0.7977,3,2022-07-01,2022-07
China,Tesla,BEV+PHEV,2022,8,62995,monthly_est,brand_reports,14,0,65.5,0,0,1750000,521000,2271000,1.28,62995,25153,35042,50381,0.7977,3,2022-08-01,2022-08
China,Tesla,BEV+PHEV,2022,9,62995,monthly_est,brand_reports,13.25,0,72.75,0,0,1750000,521000,2271000,1.28,62995,25153,35042,62995,0.7977,3,2022-09-01,2022-09
China,Tesla,BEV+PHEV,2022,10,94491,monthly_est,brand_reports,15.6,0,81,3.6,0,1750000,521000,2271000,1.18,62995,62995,66597,73493.66667,0.4188,4,2022-10-01,2022-10
China,Tesla,BEV+PHEV,2022,11,94491,monthly_est,brand_reports,15,0,66,1.75,0,1750000,521000,2271000,1.18,94491,62995,66597,83992.33333,0.4188,4,2022-11-01,2022-11
China,Tesla,BEV+PHEV,2022,12,94491,monthly_est,brand_reports,13.25,0,68.5,0,0,1750000,521000,2271000,1.18,94491,62995,66597,94491,0.4188,4,2022-12-01,2022-12
China,Tesla,BEV+PHEV,2023,1,33430,monthly_est,brand_reports,20.6,0,81.6,0,0,2750000,859000,3609000,1.1,94491,94491,35266,74137.33333,-0.0521,1,2023-01-01,2023-01
China,Tesla,BEV+PHEV,2023,2,33430,monthly_est,brand_reports,15.5,0,78,0,15.5,2750000,859000,3609000,1.1,33430,94491,35266,53783.66667,-0.0521,1,2023-02-01,2023-02
China,Tesla,BEV+PHEV,2023,3,33430,monthly_est,brand_reports,17.5,0,62.25,1.5,0,2750000,859000,3609000,1.1,33430,94491,35266,33430,-0.0521,1,2023-03-01,2023-03
China,Tesla,BEV+PHEV,2023,4,44071,monthly_est,brand_reports,24.2,0,66.6,2.6,12.2,2750000,859000,3609000,1.08,33430,33430,25153,36977,0.7521,2,2023-04-01,2023-04
China,Tesla,BEV+PHEV,2023,5,44071,monthly_est,brand_reports,21.75,0,64.75,1.5,16,2750000,859000,3609000,1.08,44071,33430,25153,40524,0.7521,2,2023-05-01,2023-05
China,Tesla,BEV+PHEV,2023,6,44071,monthly_est,brand_reports,20,0,66.5,3.5,0,2750000,859000,3609000,1.08,44071,33430,25153,44071,0.7521,2,2023-06-01,2023-06
China,Tesla,BEV+PHEV,2023,7,51593,monthly_est,brand_reports,19.8,0,67.4,3,0,2750000,859000,3609000,1.12,44071,44071,62995,46578.33333,-0.181,3,2023-07-01,2023-07
China,Tesla,BEV+PHEV,2023,8,51593,monthly_est,brand_reports,20.25,0,70,1.5,0,2750000,859000,3609000,1.12,51593,44071,62995,49085.66667,-0.181,3,2023-08-01,2023-08
China,Tesla,BEV+PHEV,2023,9,51593,monthly_est,brand_reports,20,0,58.75,1.5,0,2750000,859000,3609000,1.12,51593,44071,62995,51593,-0.181,3,2023-09-01,2023-09
China,Tesla,BEV+PHEV,2023,10,58642,monthly_est,brand_reports,20.6,0,59,2.6,21.4,2750000,859000,3609000,1.05,51593,51593,94491,53942.66667,-0.3794,4,2023-10-01,2023-10
China,Tesla,BEV+PHEV,2023,11,58642,monthly_est,brand_reports,21.5,0,60.25,6,31.5,2750000,859000,3609000,1.05,58642,51593,94491,56292.33333,-0.3794,4,2023-11-01,2023-11
China,Tesla,BEV+PHEV,2023,12,58642,monthly_est,brand_reports,18.67,0,58.33,3.83,25.5,2750000,859000,3609000,1.05,58642,51593,94491,58642,-0.3794,4,2023-12-01,2023-12
France,All,BEV+PHEV,2019,1,5134,monthly_est,IEA_Global_EV_Outlook_2024,0,0,29.75,0.75,15.5,28000,2800,30800,1.51,,,,5134,,1,2019-01-01,2019-01
France,All,BEV+PHEV,2019,2,5134,monthly_est,IEA_Global_EV_Outlook_2024,0,0,33.75,0.5,24,28000,2800,30800,1.51,5134,,,5134,,1,2019-02-01,2019-02
France,All,BEV+PHEV,2019,3,5134,monthly_est,IEA_Global_EV_Outlook_2024,0,0,38,0.4,20,28000,2800,30800,1.51,5134,,,5134,,1,2019-03-01,2019-03
France,All,BEV+PHEV,2019,4,5134,monthly_est,IEA_Global_EV_Outlook_2024,0,0,42,1,19,28000,2800,30800,1.58,5134,5134,,5134,,2,2019-04-01,2019-04
France,All,BEV+PHEV,2019,5,5134,monthly_est,IEA_Global_EV_Outlook_2024,0,0,39.5,1,21.5,28000,2800,30800,1.58,5134,5134,,5134,,2,2019-05-01,2019-05
France,All,BEV+PHEV,2019,6,5134,monthly_est,IEA_Global_EV_Outlook_2024,0,14.6,39,1,29,28000,2800,30800,1.58,5134,5134,,5134,,2,2019-06-01,2019-06
France,All,BEV+PHEV,2019,7,5134,monthly_est,IEA_Global_EV_Outlook_2024,0,0,42.5,1,17.5,28000,2800,30800,1.55,5134,5134,,5134,,3,2019-07-01,2019-07
France,All,BEV+PHEV,2019,8,5134,monthly_est,IEA_Global_EV_Outlook_2024,0,0,40.25,1,71.75,28000,2800,30800,1.55,5134,5134,,5134,,3,2019-08-01,2019-08
France,All,BEV+PHEV,2019,9,5134,monthly_est,IEA_Global_EV_Outlook_2024,0,0,44,1,27.2,28000,2800,30800,1.55,5134,5134,,5134,,3,2019-09-01,2019-09
France,All,BEV+PHEV,2019,10,5134,monthly_est,IEA_Global_EV_Outlook_2024,0,0,45,1,14.5,28000,2800,30800,1.48,5134,5134,,5134,,4,2019-10-01,2019-10
France,All,BEV+PHEV,2019,11,5134,monthly_est,IEA_Global_EV_Outlook_2024,0,0,66.25,1,56.25,28000,2800,30800,1.48,5134,5134,,5134,,4,2019-11-01,2019-11
France,All,BEV+PHEV,2019,12,5134,monthly_est,IEA_Global_EV_Outlook_2024,0,0,60,1,21.83,28000,2800,30800,1.48,5134,5134,,5134,,4,2019-12-01,2019-12
France,All,BEV+PHEV,2020,1,15472,monthly_est,IEA_Global_EV_Outlook_2024,0,0,65,1,43.75,40000,4200,44200,1.38,5134,5134,5134,8580,2.0136,1,2020-01-01,2020-01
France,All,BEV+PHEV,2020,2,15472,monthly_est,IEA_Global_EV_Outlook_2024,0,0,65.5,1,52.75,40000,4200,44200,1.38,15472,5134,5134,12026,2.0136,1,2020-02-01,2020-02
France,All,BEV+PHEV,2020,3,15472,monthly_est,IEA_Global_EV_Outlook_2024,0,0,45,0.4,33,40000,4200,44200,1.38,15472,5134,5134,15472,2.0136,1,2020-03-01,2020-03
France,All,BEV+PHEV,2020,4,15472,monthly_est,IEA_Global_EV_Outlook_2024,0,0,37.5,0.25,21,40000,4200,44200,1.25,15472,15472,5134,15472,2.0136,2,2020-04-01,2020-04
France,All,BEV+PHEV,2020,5,15472,monthly_est,IEA_Global_EV_Outlook_2024,0.6,0,49.2,0.8,48.4,40000,4200,44200,1.25,15472,15472,5134,15472,2.0136,2,2020-05-01,2020-05
France,All,BEV+PHEV,2020,6,15472,monthly_est,IEA_Global_EV_Outlook_2024,0.75,12.5,63.75,1,17.75,40000,4200,44200,1.25,15472,15472,5134,15472,2.0136,2,2020-06-01,2020-06
France,All,BEV+PHEV,2020,7,15472,monthly_est,IEA_Global_EV_Outlook_2024,0.75,0,79,1,0,40000,4200,44200,1.32,15472,15472,5134,15472,2.0136,3,2020-07-01,2020-07
France,All,BEV+PHEV,2020,8,15472,monthly_est,IEA_Global_EV_Outlook_2024,0.8,0,84.6,1,18,40000,4200,44200,1.32,15472,15472,5134,15472,2.0136,3,2020-08-01,2020-08
France,All,BEV+PHEV,2020,9,15472,monthly_est,IEA_Global_EV_Outlook_2024,1,0,81.75,1,14,40000,4200,44200,1.32,15472,15472,5134,15472,2.0136,3,2020-09-01,2020-09
France,All,BEV+PHEV,2020,10,15472,monthly_est,IEA_Global_EV_Outlook_2024,0.5,0,66,0.75,14.5,40000,4200,44200,1.35,15472,15472,5134,15472,2.0136,4,2020-10-01,2020-10
France,All,BEV+PHEV,2020,11,15472,monthly_est,IEA_Global_EV_Outlook_2024,0.8,0,48.6,0.8,64.6,40000,4200,44200,1.35,15472,15472,5134,15472,2.0136,4,2020-11-01,2020-11
France,All,BEV+PHEV,2020,12,15472,monthly_est,IEA_Global_EV_Outlook_2024,0.4,0,52.4,0.6,25.8,40000,4200,44200,1.35,15472,15472,5134,15472,2.0136,4,2020-12-01,2020-12
France,All,BEV+PHEV,2021,1,24758,monthly_est,IEA_Global_EV_Outlook_2024,0,0,56.4,0.2,16.4,58000,6800,64800,1.42,15472,15472,15472,18567.33333,0.6002,1,2021-01-01,2021-01
France,All,BEV+PHEV,2021,2,24758,monthly_est,IEA_Global_EV_Outlook_2024,0,0,53.75,0.5,12.5,58000,6800,64800,1.42,24758,15472,15472,21662.66667,0.6002,1,2021-02-01,2021-02
France,All,BEV+PHEV,2021,3,24758,monthly_est,IEA_Global_EV_Outlook_2024,0,0,50.5,0,26.25,58000,6800,64800,1.42,24758,15472,15472,24758,0.6002,1,2021-03-01,2021-03
France,All,BEV+PHEV,2021,4,24758,monthly_est,IEA_Global_EV_Outlook_2024,0,11,49.5,0,0,58000,6800,64800,1.52,24758,24758,15472,24758,0.6002,2,2021-04-01,2021-04
France,All,BEV+PHEV,2021,5,24758,monthly_est,IEA_Global_EV_Outlook_2024,0,0,45.8,0.4,17.2,58000,6800,64800,1.52,24758,24758,15472,24758,0.6002,2,2021-05-01,2021-05
France,All,BEV+PHEV,2021,6,24758,monthly_est,IEA_Global_EV_Outlook_2024,0,0,42.75,0.25,14.75,58000,6800,64800,1.52,24758,24758,15472,24758,0.6002,2,2021-06-01,2021-06
France,All,BEV+PHEV,2021,7,24758,monthly_est,IEA_Global_EV_Outlook_2024,0,0,50,0.25,11.75,58000,6800,64800,1.6,24758,24758,15472,24758,0.6002,3,2021-07-01,2021-07
France,All,BEV+PHEV,2021,8,24758,monthly_est,IEA_Global_EV_Outlook_2024,0,0,56.4,0.4,9.6,58000,6800,64800,1.6,24758,24758,15472,24758,0.6002,3,2021-08-01,2021-08
France,All,BEV+PHEV,2021,9,24758,monthly_est,IEA_Global_EV_Outlook_2024,0,13,50.75,0.75,35.25,58000,6800,64800,1.6,24758,24758,15472,24758,0.6002,3,2021-09-01,2021-09
France,All,BEV+PHEV,2021,10,24758,monthly_est,IEA_Global_EV_Outlook_2024,0,9,69.8,1,23.8,58000,6800,64800,1.72,24758,24758,15472,24758,0.6002,4,2021-10-01,2021-10
France,All,BEV+PHEV,2021,11,24758,monthly_est,IEA_Global_EV_Outlook_2024,0,0,59.75,0.5,39.75,58000,6800,64800,1.72,24758,24758,15472,24758,0.6002,4,2021-11-01,2021-11
France,All,BEV+PHEV,2021,12,24758,monthly_est,IEA_Global_EV_Outlook_2024,0,10.2,71.8,0.2,0,58000,6800,64800,1.72,24758,24758,15472,24758,0.6002,4,2021-12-01,2021-12
France,All,BEV+PHEV,2022,1,30924,monthly_est,IEA_Global_EV_Outlook_2024,0.4,27.6,80.8,1,26.4,80000,10000,90000,1.88,24758,24758,24758,26813.33333,0.2491,1,2022-01-01,2022-01
France,All,BEV+PHEV,2022,2,30924,monthly_est,IEA_Global_EV_Outlook_2024,0,31.25,76,1,49.5,80000,10000,90000,1.88,30924,24758,24758,28868.66667,0.2491,1,2022-02-01,2022-02
France,All,BEV+PHEV,2022,3,30924,monthly_est,IEA_Global_EV_Outlook_2024,0.25,39.25,89,1,78.5,80000,10000,90000,1.88,30924,24758,24758,30924,0.2491,1,2022-03-01,2022-03
France,All,BEV+PHEV,2022,4,30924,monthly_est,IEA_Global_EV_Outlook_2024,0.25,38,77,1,74.25,80000,10000,90000,2.15,30924,30924,24758,30924,0.2491,2,2022-04-01,2022-04
France,All,BEV+PHEV,2022,5,30924,monthly_est,IEA_Global_EV_Outlook_2024,0.4,28.8,67,1,67.4,80000,10000,90000,2.15,30924,30924,24758,30924,0.2491,2,2022-05-01,2022-05
France,All,BEV+PHEV,2022,6,30924,monthly_est,IEA_Global_EV_Outlook_2024,0.5,32.5,66.75,1,51.25,80000,10000,90000,2.15,30924,30924,24758,30924,0.2491,2,2022-06-01,2022-06
France,All,BEV+PHEV,2022,7,30924,monthly_est,IEA_Global_EV_Outlook_2024,1,35.6,64.4,1,27.8,80000,10000,90000,2,30924,30924,24758,30924,0.2491,3,2022-07-01,2022-07
France,All,BEV+PHEV,2022,8,30924,monthly_est,IEA_Global_EV_Outlook_2024,1.25,65.75,66.25,1,31,80000,10000,90000,2,30924,30924,24758,30924,0.2491,3,2022-08-01,2022-08
France,All,BEV+PHEV,2022,9,30924,monthly_est,IEA_Global_EV_Outlook_2024,1,18.25,58,1,35.5,80000,10000,90000,2,30924,30924,24758,30924,0.2491,3,2022-09-01,2022-09
France,All,BEV+PHEV,2022,10,30924,monthly_est,IEA_Global_EV_Outlook_2024,2.4,35.4,64,1,41.6,80000,10000,90000,1.85,30924,30924,24758,30924,0.2491,4,2022-10-01,2022-10
France,All,BEV+PHEV,2022,11,30924,monthly_est,IEA_Global_EV_Outlook_2024,1,42.5,58,1,59.25,80000,10000,90000,1.85,30924,30924,24758,30924,0.2491,4,2022-11-01,2022-11
France,All,BEV+PHEV,2022,12,30924,monthly_est,IEA_Global_EV_Outlook_2024,1,54.25,64.5,1,12,80000,10000,90000,1.85,30924,30924,24758,30924,0.2491,4,2022-12-01,2022-12
France,All,BEV+PHEV,2023,1,39704,monthly_est,IEA_Global_EV_Outlook_2024,1.4,29.4,73.4,0.8,32.4,115000,14000,129000,1.78,30924,30924,30924,33850.66667,0.2839,1,2023-01-01,2023-01
France,All,BEV+PHEV,2023,2,39704,monthly_est,IEA_Global_EV_Outlook_2024,1.5,35,67.25,1,39.75,115000,14000,129000,1.78,39704,30924,30924,36777.33333,0.2839,1,2023-02-01,2023-02
France,All,BEV+PHEV,2023,3,39704,monthly_est,IEA_Global_EV_Outlook_2024,1.25,36.25,69.25,1,33,115000,14000,129000,1.78,39704,30924,30924,39704,0.2839,1,2023-03-01,2023-03
France,All,BEV+PHEV,2023,4,39704,monthly_est,IEA_Global_EV_Outlook_2024,2.2,39.4,75.2,1,62.4,115000,14000,129000,1.82,39704,39704,30924,39704,0.2839,2,2023-04-01,2023-04
France,All,BEV+PHEV,2023,5,39704,monthly_est,IEA_Global_EV_Outlook_2024,3.25,64.5,74.25,1,48.5,115000,14000,129000,1.82,39704,39704,30924,39704,0.2839,2,2023-05-01,2023-05
France,All,BEV+PHEV,2023,6,39704,monthly_est,IEA_Global_EV_Outlook_2024,3,65,79,1,61.5,115000,14000,129000,1.82,39704,39704,30924,39704,0.2839,2,2023-06-01,2023-06
France,All,BEV+PHEV,2023,7,39704,monthly_est,IEA_Global_EV_Outlook_2024,2,58.2,79,1,57.4,115000,14000,129000,1.85,39704,39704,30924,39704,0.2839,3,2023-07-01,2023-07
France,All,BEV+PHEV,2023,8,39704,monthly_est,IEA_Global_EV_Outlook_2024,2.75,80.25,84.75,1,39.25,115000,14000,129000,1.85,39704,39704,30924,39704,0.2839,3,2023-08-01,2023-08
France,All,BEV+PHEV,2023,9,39704,monthly_est,IEA_Global_EV_Outlook_2024,5,44,82.25,1,55.25,115000,14000,129000,1.85,39704,39704,30924,39704,0.2839,3,2023-09-01,2023-09
France,All,BEV+PHEV,2023,10,39704,monthly_est,IEA_Global_EV_Outlook_2024,4,65,78.8,1,62.2,115000,14000,129000,1.72,39704,39704,30924,39704,0.2839,4,2023-10-01,2023-10
France,All,BEV+PHEV,2023,11,39704,monthly_est,IEA_Global_EV_Outlook_2024,4.5,51.75,76,1,70.5,115000,14000,129000,1.72,39704,39704,30924,39704,0.2839,4,2023-11-01,2023-11
France,All,BEV+PHEV,2023,12,39704,monthly_est,IEA_Global_EV_Outlook_2024,7.67,45.5,83.5,1,43.33,115000,14000,129000,1.72,39704,39704,30924,39704,0.2839,4,2023-12-01,2023-12
Germany,VW,BEV+PHEV,2021,1,9633,monthly_est,brand_reports,20.4,31.8,74.4,0.2,76.2,52000,8400,60400,1.38,,,,9633,,1,2021-01-01,2021-01
Germany,VW,BEV+PHEV,2021,2,9633,monthly_est,brand_reports,17.75,18.75,64,0.25,64.5,52000,8400,60400,1.38,9633,,,9633,,1,2021-02-01,2021-02
Germany,VW,BEV+PHEV,2021,3,9633,monthly_est,brand_reports,16.75,8.75,63.75,0,78.5,52000,8400,60400,1.38,9633,,,9633,,1,2021-03-01,2021-03
Germany,VW,BEV+PHEV,2021,4,14033,monthly_est,brand_reports,13.75,14.75,51.75,0,71,52000,8400,60400,1.5,9633,9633,,11099.66667,,2,2021-04-01,2021-04
Germany,VW,BEV+PHEV,2021,5,14033,monthly_est,brand_reports,14.4,13.8,49.6,0,53.8,52000,8400,60400,1.5,14033,9633,,12566.33333,,2,2021-05-01,2021-05
Germany,VW,BEV+PHEV,2021,6,14033,monthly_est,brand_reports,15.5,17.75,42.5,0,67.25,52000,8400,60400,1.5,14033,9633,,14033,,2,2021-06-01,2021-06
Germany,VW,BEV+PHEV,2021,7,19600,monthly_est,brand_reports,13.5,29,43.75,0.25,47.75,52000,8400,60400,1.58,14033,14033,,15888.66667,,3,2021-07-01,2021-07
Germany,VW,BEV+PHEV,2021,8,19600,monthly_est,brand_reports,15,16.6,48.6,0,56.4,52000,8400,60400,1.58,19600,14033,,17744.33333,,3,2021-08-01,2021-08
Germany,VW,BEV+PHEV,2021,9,19600,monthly_est,brand_reports,11.5,18.5,45.5,0.25,59.25,52000,8400,60400,1.58,19600,14033,,19600,,3,2021-09-01,2021-09
Germany,VW,BEV+PHEV,2021,10,24733,monthly_est,brand_reports,14,36.2,73.6,0,68.8,52000,8400,60400,1.7,19600,19600,,21311,,4,2021-10-01,2021-10
Germany,VW,BEV+PHEV,2021,11,24733,monthly_est,brand_reports,12.5,36.25,67.75,0,82.5,52000,8400,60400,1.7,24733,19600,,23022,,4,2021-11-01,2021-11
Germany,VW,BEV+PHEV,2021,12,24733,monthly_est,brand_reports,9.2,15.2,61.8,0,37.8,52000,8400,60400,1.7,24733,19600,,24733,,4,2021-12-01,2021-12
Germany,VW,BEV+PHEV,2022,1,24133,monthly_est,brand_reports,10.8,32.4,74.2,1,69.4,72000,13000,85000,1.85,24733,24733,9633,24533,1.5052,1,2022-01-01,2022-01
Germany,VW,BEV+PHEV,2022,2,24133,monthly_est,brand_reports,11.25,40.25,64.5,1,77.5,72000,13000,85000,1.85,24133,24733,9633,24333,1.5052,1,2022-02-01,2022-02
Germany,VW,BEV+PHEV,2022,3,24133,monthly_est,brand_reports,12.75,37,82,1,76.75,72000,13000,85000,1.85,24133,24733,9633,24133,1.5052,1,2022-03-01,2022-03
Germany,VW,BEV+PHEV,2022,4,29400,monthly_est,brand_reports,10.25,42.75,77,1,60,72000,13000,85000,2.1,24133,24133,14033,25888.66667,1.0951,2,2022-04-01,2022-04
Germany,VW,BEV+PHEV,2022,5,29400,monthly_est,brand_reports,11.2,39.2,63.6,1,59,72000,13000,85000,2.1,29400,24133,14033,27644.33333,1.0951,2,2022-05-01,2022-05
Germany,VW,BEV+PHEV,2022,6,29400,monthly_est,brand_reports,12.75,39.75,57.5,1,70.5,72000,13000,85000,2.1,29400,24133,14033,29400,1.0951,2,2022-06-01,2022-06
Germany,VW,BEV+PHEV,2022,7,30333,monthly_est,brand_reports,15.2,47.6,58.4,1,52.8,72000,13000,85000,1.95,29400,29400,19600,29711,0.5476,3,2022-07-01,2022-07
Germany,VW,BEV+PHEV,2022,8,30333,monthly_est,brand_reports,13,48.25,58.5,1,63.5,72000,13000,85000,1.95,30333,29400,19600,30022,0.5476,3,2022-08-01,2022-08
Germany,VW,BEV+PHEV,2022,9,30333,monthly_est,brand_reports,11.5,24.75,53,1,50.25,72000,13000,85000,1.95,30333,29400,19600,30333,0.5476,3,2022-09-01,2022-09
Germany,VW,BEV+PHEV,2022,10,34766,monthly_est,brand_reports,13.8,39.2,54.6,1,53.4,72000,13000,85000,1.82,30333,30333,24733,31810.66667,0.4057,4,2022-10-01,2022-10
Germany,VW,BEV+PHEV,2022,11,34766,monthly_est,brand_reports,10.75,39.5,55.5,0.75,59.25,72000,13000,85000,1.82,34766,30333,24733,33288.33333,0.4057,4,2022-11-01,2022-11
Germany,VW,BEV+PHEV,2022,12,34766,monthly_est,brand_reports,10,37.5,71.25,1,54,72000,13000,85000,1.82,34766,30333,24733,34766,0.4057,4,2022-12-01,2022-12
India,All,BEV+PHEV,2019,1,316,monthly_est,IEA_Global_EV_Outlook_2024,1,3.25,28.75,10.5,23.5,,,,0.88,,,,316,,1,2019-01-01,2019-01
India,All,BEV+PHEV,2019,2,316,monthly_est,IEA_Global_EV_Outlook_2024,1,3.5,26.25,10.25,23.75,,,,0.88,316,,,316,,1,2019-02-01,2019-02
India,All,BEV+PHEV,2019,3,316,monthly_est,IEA_Global_EV_Outlook_2024,1,4,28.2,10.2,24.2,,,,0.88,316,,,316,,1,2019-03-01,2019-03
India,All,BEV+PHEV,2019,4,316,monthly_est,IEA_Global_EV_Outlook_2024,1,2.75,24.5,8.5,21.75,,,,0.9,316,316,,316,,2,2019-04-01,2019-04
India,All,BEV+PHEV,2019,5,316,monthly_est,IEA_Global_EV_Outlook_2024,1,3.5,29.75,9.25,21.5,,,,0.9,316,316,,316,,2,2019-05-01,2019-05
India,All,BEV+PHEV,2019,6,316,monthly_est,IEA_Global_EV_Outlook_2024,1,5,25.2,15.4,31,,,,0.9,316,316,,316,,2,2019-06-01,2019-06
India,All,BEV+PHEV,2019,7,316,monthly_est,IEA_Global_EV_Outlook_2024,1,9.75,33.25,35.25,48.75,,,,0.89,316,316,,316,,3,2019-07-01,2019-07
India,All,BEV+PHEV,2019,8,316,monthly_est,IEA_Global_EV_Outlook_2024,1,7.75,31.5,20.25,40.5,,,,0.89,316,316,,316,,3,2019-08-01,2019-08
India,All,BEV+PHEV,2019,9,316,monthly_est,IEA_Global_EV_Outlook_2024,1.2,6.2,31.2,17.4,41.8,,,,0.89,316,316,,316,,3,2019-09-01,2019-09
India,All,BEV+PHEV,2019,10,316,monthly_est,IEA_Global_EV_Outlook_2024,1,6.25,28.75,16.25,53.25,,,,0.88,316,316,,316,,4,2019-10-01,2019-10
India,All,BEV+PHEV,2019,11,316,monthly_est,IEA_Global_EV_Outlook_2024,1,6.25,57,17,38.25,,,,0.88,316,316,,316,,4,2019-11-01,2019-11
India,All,BEV+PHEV,2019,12,316,monthly_est,IEA_Global_EV_Outlook_2024,1,10.5,35.17,18.83,48,,,,0.88,316,316,,316,,4,2019-12-01,2019-12
India,All,BEV+PHEV,2020,1,416,monthly_est,IEA_Global_EV_Outlook_2024,1,21.75,24,14.5,84.75,,,,0.82,316,316,316,349.3333333,0.3165,1,2020-01-01,2020-01
India,All,BEV+PHEV,2020,2,416,monthly_est,IEA_Global_EV_Outlook_2024,0.75,22.25,29,15.5,84.25,,,,0.82,416,316,316,382.6666667,0.3165,1,2020-02-01,2020-02
India,All,BEV+PHEV,2020,3,416,monthly_est,IEA_Global_EV_Outlook_2024,0.6,10.4,21.4,8.4,59.8,,,,0.82,416,316,316,416,0.3165,1,2020-03-01,2020-03
India,All,BEV+PHEV,2020,4,416,monthly_est,IEA_Global_EV_Outlook_2024,1,8.25,22.25,6.25,49.75,,,,0.8,416,416,316,416,0.3165,2,2020-04-01,2020-04
India,All,BEV+PHEV,2020,5,416,monthly_est,IEA_Global_EV_Outlook_2024,0.4,8.4,25,7,57.8,,,,0.8,416,416,316,416,0.3165,2,2020-05-01,2020-05
India,All,BEV+PHEV,2020,6,416,monthly_est,IEA_Global_EV_Outlook_2024,0.5,13.75,27.5,9,57.5,,,,0.8,416,416,316,416,0.3165,2,2020-06-01,2020-06
India,All,BEV+PHEV,2020,7,416,monthly_est,IEA_Global_EV_Outlook_2024,0,16.25,39,11.25,55.5,,,,0.85,416,416,316,416,0.3165,3,2020-07-01,2020-07
India,All,BEV+PHEV,2020,8,416,monthly_est,IEA_Global_EV_Outlook_2024,0.4,16.4,36.2,11.4,73,,,,0.85,416,416,316,416,0.3165,3,2020-08-01,2020-08
India,All,BEV+PHEV,2020,9,416,monthly_est,IEA_Global_EV_Outlook_2024,0,18.5,39,11,68.5,,,,0.85,416,416,316,416,0.3165,3,2020-09-01,2020-09
India,All,BEV+PHEV,2020,10,416,monthly_est,IEA_Global_EV_Outlook_2024,0,17,29.25,11.5,73.5,,,,0.87,416,416,316,416,0.3165,4,2020-10-01,2020-10
India,All,BEV+PHEV,2020,11,416,monthly_est,IEA_Global_EV_Outlook_2024,0.4,23,33.8,12.4,76,,,,0.87,416,416,316,416,0.3165,4,2020-11-01,2020-11
India,All,BEV+PHEV,2020,12,416,monthly_est,IEA_Global_EV_Outlook_2024,0.8,23.4,54.8,13.6,76.2,,,,0.87,416,416,316,416,0.3165,4,2020-12-01,2020-12
India,All,BEV+PHEV,2021,1,1099,monthly_est,IEA_Global_EV_Outlook_2024,0,18.4,55.4,8.6,49.2,1800,580,2380,0.9,416,416,416,643.6666667,1.6418,1,2021-01-01,2021-01
India,All,BEV+PHEV,2021,2,1099,monthly_est,IEA_Global_EV_Outlook_2024,0,23.5,25,10,66,1800,580,2380,0.9,1099,416,416,871.3333333,1.6418,1,2021-02-01,2021-02
India,All,BEV+PHEV,2021,3,1099,monthly_est,IEA_Global_EV_Outlook_2024,0,17.5,21.75,8.25,58.25,1800,580,2380,0.9,1099,416,416,1099,1.6418,1,2021-03-01,2021-03
India,All,BEV+PHEV,2021,4,1099,monthly_est,IEA_Global_EV_Outlook_2024,0,12.75,17.5,5.5,41.75,1800,580,2380,0.98,1099,1099,416,1099,1.6418,2,2021-04-01,2021-04
India,All,BEV+PHEV,2021,5,1099,monthly_est,IEA_Global_EV_Outlook_2024,0,12,19,5.4,44.4,1800,580,2380,0.98,1099,1099,416,1099,1.6418,2,2021-05-01,2021-05
India,All,BEV+PHEV,2021,6,1099,monthly_est,IEA_Global_EV_Outlook_2024,0,17,15.5,7.25,64.25,1800,580,2380,0.98,1099,1099,416,1099,1.6418,2,2021-06-01,2021-06
India,All,BEV+PHEV,2021,7,1099,monthly_est,IEA_Global_EV_Outlook_2024,0,30.5,18.25,9.5,78.25,1800,580,2380,1.05,1099,1099,416,1099,1.6418,3,2021-07-01,2021-07
India,All,BEV+PHEV,2021,8,1099,monthly_est,IEA_Global_EV_Outlook_2024,0,27,16,8,70.8,1800,580,2380,1.05,1099,1099,416,1099,1.6418,3,2021-08-01,2021-08
India,All,BEV+PHEV,2021,9,1099,monthly_est,IEA_Global_EV_Outlook_2024,0,27.5,14.25,7.5,66.5,1800,580,2380,1.05,1099,1099,416,1099,1.6418,3,2021-09-01,2021-09
India,All,BEV+PHEV,2021,10,1099,monthly_est,IEA_Global_EV_Outlook_2024,0.2,29.2,17.2,8.2,66.6,1800,580,2380,1.1,1099,1099,416,1099,1.6418,4,2021-10-01,2021-10
India,All,BEV+PHEV,2021,11,1099,monthly_est,IEA_Global_EV_Outlook_2024,0.5,27.5,22.5,8.5,67.5,1800,580,2380,1.1,1099,1099,416,1099,1.6418,4,2021-11-01,2021-11
India,All,BEV+PHEV,2021,12,1099,monthly_est,IEA_Global_EV_Outlook_2024,1.2,22,27.4,10.2,64.2,1800,580,2380,1.1,1099,1099,416,1099,1.6418,4,2021-12-01,2021-12
India,All,BEV+PHEV,2022,1,4014,monthly_est,IEA_Global_EV_Outlook_2024,2.2,33,82.2,26.6,82.6,6100,1200,7300,1.12,1099,1099,1099,2070.666667,2.6524,1,2022-01-01,2022-01
India,All,BEV+PHEV,2022,2,4014,monthly_est,IEA_Global_EV_Outlook_2024,2,32.75,69,29.5,90,6100,1200,7300,1.12,4014,1099,1099,3042.333333,2.6524,1,2022-02-01,2022-02
India,All,BEV+PHEV,2022,3,4014,monthly_est,IEA_Global_EV_Outlook_2024,3,33,56.5,29,92.25,6100,1200,7300,1.12,4014,1099,1099,4014,2.6524,1,2022-03-01,2022-03
India,All,BEV+PHEV,2022,4,4014,monthly_est,IEA_Global_EV_Outlook_2024,3.75,34.75,68,34,83.75,6100,1200,7300,1.18,4014,4014,1099,4014,2.6524,2,2022-04-01,2022-04
India,All,BEV+PHEV,2022,5,4014,monthly_est,IEA_Global_EV_Outlook_2024,3.4,30.6,67,29.2,68.2,6100,1200,7300,1.18,4014,4014,1099,4014,2.6524,2,2022-05-01,2022-05
India,All,BEV+PHEV,2022,6,4014,monthly_est,IEA_Global_EV_Outlook_2024,4.5,25.5,54,23.75,60.75,6100,1200,7300,1.18,4014,4014,1099,4014,2.6524,2,2022-06-01,2022-06
India,All,BEV+PHEV,2022,7,4014,monthly_est,IEA_Global_EV_Outlook_2024,4.4,23,53.4,22.6,64.6,6100,1200,7300,1.15,4014,4014,1099,4014,2.6524,3,2022-07-01,2022-07
India,All,BEV+PHEV,2022,8,4014,monthly_est,IEA_Global_EV_Outlook_2024,5.75,24.75,50.5,29,63,6100,1200,7300,1.15,4014,4014,1099,4014,2.6524,3,2022-08-01,2022-08
India,All,BEV+PHEV,2022,9,4014,monthly_est,IEA_Global_EV_Outlook_2024,5.5,27.5,56.5,24,68.75,6100,1200,7300,1.15,4014,4014,1099,4014,2.6524,3,2022-09-01,2022-09
India,All,BEV+PHEV,2022,10,4014,monthly_est,IEA_Global_EV_Outlook_2024,12.2,30,47.4,26.8,71,6100,1200,7300,1.12,4014,4014,1099,4014,2.6524,4,2022-10-01,2022-10
India,All,BEV+PHEV,2022,11,4014,monthly_est,IEA_Global_EV_Outlook_2024,11,27.25,49,25.5,68.5,6100,1200,7300,1.12,4014,4014,1099,4014,2.6524,4,2022-11-01,2022-11
India,All,BEV+PHEV,2022,12,4014,monthly_est,IEA_Global_EV_Outlook_2024,10.5,26.25,54.75,26.5,64.5,6100,1200,7300,1.12,4014,4014,1099,4014,2.6524,4,2022-12-01,2022-12
India,All,BEV+PHEV,2023,1,7536,monthly_est,IEA_Global_EV_Outlook_2024,11,34.2,74.8,32.4,86.8,12000,2100,14100,1.08,4014,4014,4014,5188,0.8774,1,2023-01-01,2023-01
India,All,BEV+PHEV,2023,2,7536,monthly_est,IEA_Global_EV_Outlook_2024,11,36,67.75,29.75,91.25,12000,2100,14100,1.08,7536,4014,4014,6362,0.8774,1,2023-02-01,2023-02
India,All,BEV+PHEV,2023,3,7536,monthly_est,IEA_Global_EV_Outlook_2024,10.5,36,51.5,27.25,85.5,12000,2100,14100,1.08,7536,4014,4014,7536,0.8774,1,2023-03-01,2023-03
India,All,BEV+PHEV,2023,4,7536,monthly_est,IEA_Global_EV_Outlook_2024,10.8,41,45.4,34.6,78,12000,2100,14100,1.06,7536,7536,4014,7536,0.8774,2,2023-04-01,2023-04
India,All,BEV+PHEV,2023,5,7536,monthly_est,IEA_Global_EV_Outlook_2024,10.25,39.75,45.75,36.5,78,12000,2100,14100,1.06,7536,7536,4014,7536,0.8774,2,2023-05-01,2023-05
India,All,BEV+PHEV,2023,6,7536,monthly_est,IEA_Global_EV_Outlook_2024,11,39,60.25,32.5,80.5,12000,2100,14100,1.06,7536,7536,4014,7536,0.8774,2,2023-06-01,2023-06
India,All,BEV+PHEV,2023,7,7536,monthly_est,IEA_Global_EV_Outlook_2024,12,39.2,67.8,30.4,82.6,12000,2100,14100,1.05,7536,7536,4014,7536,0.8774,3,2023-07-01,2023-07
India,All,BEV+PHEV,2023,8,7536,monthly_est,IEA_Global_EV_Outlook_2024,9.5,40.75,61,31.5,81.5,12000,2100,14100,1.05,7536,7536,4014,7536,0.8774,3,2023-08-01,2023-08
India,All,BEV+PHEV,2023,9,7536,monthly_est,IEA_Global_EV_Outlook_2024,9.75,43.75,51.25,30.75,83.25,12000,2100,14100,1.05,7536,7536,4014,7536,0.8774,3,2023-09-01,2023-09
India,All,BEV+PHEV,2023,10,7536,monthly_est,IEA_Global_EV_Outlook_2024,8.6,37.2,51.4,28.2,73.8,12000,2100,14100,1.03,7536,7536,4014,7536,0.8774,4,2023-10-01,2023-10
India,All,BEV+PHEV,2023,11,7536,monthly_est,IEA_Global_EV_Outlook_2024,8.5,39.75,44.75,28.75,82.25,12000,2100,14100,1.03,7536,7536,4014,7536,0.8774,4,2023-11-01,2023-11
India,All,BEV+PHEV,2023,12,7536,monthly_est,IEA_Global_EV_Outlook_2024,10.67,43.33,47.17,30.5,91.83,12000,2100,14100,1.03,7536,7536,4014,7536,0.8774,4,2023-12-01,2023-12
Netherlands,All,BEV+PHEV,2019,1,7266,monthly_est,IEA_Global_EV_Outlook_2024,0,0,33,1,0,55000,3800,58800,1.68,,,,7266,,1,2019-01-01,2019-01
Netherlands,All,BEV+PHEV,2019,2,7266,monthly_est,IEA_Global_EV_Outlook_2024,0,0,33.25,1,23,55000,3800,58800,1.68,7266,,,7266,,1,2019-02-01,2019-02
Netherlands,All,BEV+PHEV,2019,3,7266,monthly_est,IEA_Global_EV_Outlook_2024,0,0,40.6,1,0,55000,3800,58800,1.68,7266,,,7266,,1,2019-03-01,2019-03
Netherlands,All,BEV+PHEV,2019,4,7266,monthly_est,IEA_Global_EV_Outlook_2024,0,0,39.75,1,37.75,55000,3800,58800,1.75,7266,7266,,7266,,2,2019-04-01,2019-04
Netherlands,All,BEV+PHEV,2019,5,7266,monthly_est,IEA_Global_EV_Outlook_2024,0,0,39.5,1,18,55000,3800,58800,1.75,7266,7266,,7266,,2,2019-05-01,2019-05
Netherlands,All,BEV+PHEV,2019,6,7266,monthly_est,IEA_Global_EV_Outlook_2024,0,0,38.2,1,20,55000,3800,58800,1.75,7266,7266,,7266,,2,2019-06-01,2019-06
Netherlands,All,BEV+PHEV,2019,7,7266,monthly_est,IEA_Global_EV_Outlook_2024,0,0,40.5,1,0,55000,3800,58800,1.72,7266,7266,,7266,,3,2019-07-01,2019-07
Netherlands,All,BEV+PHEV,2019,8,7266,monthly_est,IEA_Global_EV_Outlook_2024,0,0,40.25,1,0,55000,3800,58800,1.72,7266,7266,,7266,,3,2019-08-01,2019-08
Netherlands,All,BEV+PHEV,2019,9,7266,monthly_est,IEA_Global_EV_Outlook_2024,0,14.8,47.2,1,0,55000,3800,58800,1.72,7266,7266,,7266,,3,2019-09-01,2019-09
Netherlands,All,BEV+PHEV,2019,10,7266,monthly_est,IEA_Global_EV_Outlook_2024,0,0,45.25,1,0,55000,3800,58800,1.65,7266,7266,,7266,,4,2019-10-01,2019-10
Netherlands,All,BEV+PHEV,2019,11,7266,monthly_est,IEA_Global_EV_Outlook_2024,0,0,71.75,1,19.75,55000,3800,58800,1.65,7266,7266,,7266,,4,2019-11-01,2019-11
Netherlands,All,BEV+PHEV,2019,12,7266,monthly_est,IEA_Global_EV_Outlook_2024,0.17,11.5,62.5,1.5,0,55000,3800,58800,1.65,7266,7266,,7266,,4,2019-12-01,2019-12
Netherlands,All,BEV+PHEV,2020,1,6105,monthly_est,IEA_Global_EV_Outlook_2024,0.25,52.75,66.25,1.75,34.75,71000,5200,76200,1.55,7266,7266,7266,6879,-0.1598,1,2020-01-01,2020-01
Netherlands,All,BEV+PHEV,2020,2,6105,monthly_est,IEA_Global_EV_Outlook_2024,0,16,72.25,1.25,16.75,71000,5200,76200,1.55,6105,7266,7266,6492,-0.1598,1,2020-02-01,2020-02
Netherlands,All,BEV+PHEV,2020,3,6105,monthly_est,IEA_Global_EV_Outlook_2024,0.4,0,43.8,1.2,13.2,71000,5200,76200,1.55,6105,7266,7266,6105,-0.1598,1,2020-03-01,2020-03
Netherlands,All,BEV+PHEV,2020,4,6105,monthly_est,IEA_Global_EV_Outlook_2024,0,15.75,38.25,0.75,0,71000,5200,76200,1.42,6105,6105,7266,6105,-0.1598,2,2020-04-01,2020-04
Netherlands,All,BEV+PHEV,2020,5,6105,monthly_est,IEA_Global_EV_Outlook_2024,0.4,11.4,41.6,1,0,71000,5200,76200,1.42,6105,6105,7266,6105,-0.1598,2,2020-05-01,2020-05
Netherlands,All,BEV+PHEV,2020,6,6105,monthly_est,IEA_Global_EV_Outlook_2024,0,14.75,45.5,1.25,37.25,71000,5200,76200,1.42,6105,6105,7266,6105,-0.1598,2,2020-06-01,2020-06
Netherlands,All,BEV+PHEV,2020,7,6105,monthly_est,IEA_Global_EV_Outlook_2024,0.25,17,64.25,1,25,71000,5200,76200,1.5,6105,6105,7266,6105,-0.1598,3,2020-07-01,2020-07
Netherlands,All,BEV+PHEV,2020,8,6105,monthly_est,IEA_Global_EV_Outlook_2024,0,12,62.2,1,14,71000,5200,76200,1.5,6105,6105,7266,6105,-0.1598,3,2020-08-01,2020-08
Netherlands,All,BEV+PHEV,2020,9,6105,monthly_est,IEA_Global_EV_Outlook_2024,1,51.75,72.5,1.25,24,71000,5200,76200,1.5,6105,6105,7266,6105,-0.1598,3,2020-09-01,2020-09
Netherlands,All,BEV+PHEV,2020,10,6105,monthly_est,IEA_Global_EV_Outlook_2024,0.5,0,50,1,0,71000,5200,76200,1.52,6105,6105,7266,6105,-0.1598,4,2020-10-01,2020-10
Netherlands,All,BEV+PHEV,2020,11,6105,monthly_est,IEA_Global_EV_Outlook_2024,1.2,15.8,49,1,14.2,71000,5200,76200,1.52,6105,6105,7266,6105,-0.1598,4,2020-11-01,2020-11
Netherlands,All,BEV+PHEV,2020,12,6105,monthly_est,IEA_Global_EV_Outlook_2024,1,0,59.6,1.4,0,71000,5200,76200,1.52,6105,6105,7266,6105,-0.1598,4,2020-12-01,2020-12
Netherlands,All,BEV+PHEV,2021,1,9928,monthly_est,IEA_Global_EV_Outlook_2024,1.2,30,86.2,2,18.2,95000,7400,102400,1.58,6105,6105,6105,7379.333333,0.6262,1,2021-01-01,2021-01
Netherlands,All,BEV+PHEV,2021,2,9928,monthly_est,IEA_Global_EV_Outlook_2024,1.5,29.75,83.25,2,42,95000,7400,102400,1.58,9928,6105,6105,8653.666667,0.6262,1,2021-02-01,2021-02
Netherlands,All,BEV+PHEV,2021,3,9928,monthly_est,IEA_Global_EV_Outlook_2024,1,12.75,75.25,2,28,95000,7400,102400,1.58,9928,6105,6105,9928,0.6262,1,2021-03-01,2021-03
Netherlands,All,BEV+PHEV,2021,4,9928,monthly_est,IEA_Global_EV_Outlook_2024,1,0,68.25,2,29.5,95000,7400,102400,1.68,9928,9928,6105,9928,0.6262,2,2021-04-01,2021-04
Netherlands,All,BEV+PHEV,2021,5,9928,monthly_est,IEA_Global_EV_Outlook_2024,1,9.4,69.2,2,10,95000,7400,102400,1.68,9928,9928,6105,9928,0.6262,2,2021-05-01,2021-05
Netherlands,All,BEV+PHEV,2021,6,9928,monthly_est,IEA_Global_EV_Outlook_2024,1,17.25,59.75,2,0,95000,7400,102400,1.68,9928,9928,6105,9928,0.6262,2,2021-06-01,2021-06
Netherlands,All,BEV+PHEV,2021,7,9928,monthly_est,IEA_Global_EV_Outlook_2024,1,55.75,62.75,2,0,95000,7400,102400,1.78,9928,9928,6105,9928,0.6262,3,2021-07-01,2021-07
Netherlands,All,BEV+PHEV,2021,8,9928,monthly_est,IEA_Global_EV_Outlook_2024,1,0,62.4,1.8,11.4,95000,7400,102400,1.78,9928,9928,6105,9928,0.6262,3,2021-08-01,2021-08
Netherlands,All,BEV+PHEV,2021,9,9928,monthly_est,IEA_Global_EV_Outlook_2024,1,14.5,60.75,2.25,28.5,95000,7400,102400,1.78,9928,9928,6105,9928,0.6262,3,2021-09-01,2021-09
Netherlands,All,BEV+PHEV,2021,10,9928,monthly_est,IEA_Global_EV_Outlook_2024,1,38.2,71.8,2.2,26,95000,7400,102400,1.92,9928,9928,6105,9928,0.6262,4,2021-10-01,2021-10
Netherlands,All,BEV+PHEV,2021,11,9928,monthly_est,IEA_Global_EV_Outlook_2024,1,27.5,70,2,13.75,95000,7400,102400,1.92,9928,9928,6105,9928,0.6262,4,2021-11-01,2021-11
Netherlands,All,BEV+PHEV,2021,12,9928,monthly_est,IEA_Global_EV_Outlook_2024,1,34.2,69.2,2,0,95000,7400,102400,1.92,9928,9928,6105,9928,0.6262,4,2021-12-01,2021-12
Netherlands,All,BEV+PHEV,2022,1,5928,monthly_est,IEA_Global_EV_Outlook_2024,1.2,38.6,75.8,2.8,13.8,120000,10200,130200,2.1,9928,9928,9928,8594.666667,-0.4029,1,2022-01-01,2022-01
Netherlands,All,BEV+PHEV,2022,2,5928,monthly_est,IEA_Global_EV_Outlook_2024,1,41.5,64.75,3,35.75,120000,10200,130200,2.1,5928,9928,9928,7261.333333,-0.4029,1,2022-02-01,2022-02
Netherlands,All,BEV+PHEV,2022,3,5928,monthly_est,IEA_Global_EV_Outlook_2024,1,42.75,67.5,3.5,32,120000,10200,130200,2.1,5928,9928,9928,5928,-0.4029,1,2022-03-01,2022-03
Netherlands,All,BEV+PHEV,2022,4,5928,monthly_est,IEA_Global_EV_Outlook_2024,1,46.25,69.75,3,22,120000,10200,130200,2.38,5928,5928,9928,5928,-0.4029,2,2022-04-01,2022-04
Netherlands,All,BEV+PHEV,2022,5,5928,monthly_est,IEA_Global_EV_Outlook_2024,1,43.8,68,2.8,27.6,120000,10200,130200,2.38,5928,5928,9928,5928,-0.4029,2,2022-05-01,2022-05
Netherlands,All,BEV+PHEV,2022,6,5928,monthly_est,IEA_Global_EV_Outlook_2024,1,41.5,67,3,26.75,120000,10200,130200,2.38,5928,5928,9928,5928,-0.4029,2,2022-06-01,2022-06
Netherlands,All,BEV+PHEV,2022,7,5928,monthly_est,IEA_Global_EV_Outlook_2024,2.6,49.2,65,3,15.4,120000,10200,130200,2.25,5928,5928,9928,5928,-0.4029,3,2022-07-01,2022-07
Netherlands,All,BEV+PHEV,2022,8,5928,monthly_est,IEA_Global_EV_Outlook_2024,2.75,50,68.5,3,16,120000,10200,130200,2.25,5928,5928,9928,5928,-0.4029,3,2022-08-01,2022-08
Netherlands,All,BEV+PHEV,2022,9,5928,monthly_est,IEA_Global_EV_Outlook_2024,2.25,47.25,60.5,2.5,7.75,120000,10200,130200,2.25,5928,5928,9928,5928,-0.4029,3,2022-09-01,2022-09
Netherlands,All,BEV+PHEV,2022,10,5928,monthly_est,IEA_Global_EV_Outlook_2024,3.4,45.8,64.4,2.8,28,120000,10200,130200,2.08,5928,5928,9928,5928,-0.4029,4,2022-10-01,2022-10
Netherlands,All,BEV+PHEV,2022,11,5928,monthly_est,IEA_Global_EV_Outlook_2024,3,45.25,63.5,2.5,19,120000,10200,130200,2.08,5928,5928,9928,5928,-0.4029,4,2022-11-01,2022-11
Netherlands,All,BEV+PHEV,2022,12,5928,monthly_est,IEA_Global_EV_Outlook_2024,3.75,44.5,81.75,2.25,25,120000,10200,130200,2.08,5928,5928,9928,5928,-0.4029,4,2022-12-01,2022-12
Netherlands,All,BEV+PHEV,2023,1,8824,monthly_est,IEA_Global_EV_Outlook_2024,16.4,61.2,97,3,15.2,150000,13800,163800,1.98,5928,5928,5928,6893.333333,0.4885,1,2023-01-01,2023-01
Netherlands,All,BEV+PHEV,2023,2,8824,monthly_est,IEA_Global_EV_Outlook_2024,16.5,60.75,85,3,0,150000,13800,163800,1.98,8824,5928,5928,7858.666667,0.4885,1,2023-02-01,2023-02
Netherlands,All,BEV+PHEV,2023,3,8824,monthly_est,IEA_Global_EV_Outlook_2024,4.25,58.25,74.5,2.5,29,150000,13800,163800,1.98,8824,5928,5928,8824,0.4885,1,2023-03-01,2023-03
Netherlands,All,BEV+PHEV,2023,4,8824,monthly_est,IEA_Global_EV_Outlook_2024,7.8,65.8,79.4,2.8,35.6,150000,13800,163800,2.02,8824,8824,5928,8824,0.4885,2,2023-04-01,2023-04
Netherlands,All,BEV+PHEV,2023,5,8824,monthly_est,IEA_Global_EV_Outlook_2024,6.75,69.5,73.75,2.75,0,150000,13800,163800,2.02,8824,8824,5928,8824,0.4885,2,2023-05-01,2023-05
Netherlands,All,BEV+PHEV,2023,6,8824,monthly_est,IEA_Global_EV_Outlook_2024,9.5,58,75.5,2.75,19,150000,13800,163800,2.02,8824,8824,5928,8824,0.4885,2,2023-06-01,2023-06
Netherlands,All,BEV+PHEV,2023,7,8824,monthly_est,IEA_Global_EV_Outlook_2024,5.8,68,84.4,3,19.6,150000,13800,163800,2.05,8824,8824,5928,8824,0.4885,3,2023-07-01,2023-07
Netherlands,All,BEV+PHEV,2023,8,8824,monthly_est,IEA_Global_EV_Outlook_2024,6.5,69,81.25,3,12.25,150000,13800,163800,2.05,8824,8824,5928,8824,0.4885,3,2023-08-01,2023-08
Netherlands,All,BEV+PHEV,2023,9,8824,monthly_est,IEA_Global_EV_Outlook_2024,12.75,72.5,83.25,3.25,9.5,150000,13800,163800,2.05,8824,8824,5928,8824,0.4885,3,2023-09-01,2023-09
Netherlands,All,BEV+PHEV,2023,10,8824,monthly_est,IEA_Global_EV_Outlook_2024,11.6,76.4,79.8,3,53.4,150000,13800,163800,1.92,8824,8824,5928,8824,0.4885,4,2023-10-01,2023-10
Netherlands,All,BEV+PHEV,2023,11,8824,monthly_est,IEA_Global_EV_Outlook_2024,6.25,52.25,80,3,27,150000,13800,163800,1.92,8824,8824,5928,8824,0.4885,4,2023-11-01,2023-11
Netherlands,All,BEV+PHEV,2023,12,8824,monthly_est,IEA_Global_EV_Outlook_2024,12.83,57.5,82,3.17,8,150000,13800,163800,1.92,8824,8824,5928,8824,0.4885,4,2023-12-01,2023-12
Norway,BYD,BEV+PHEV,2022,1,40,monthly_est,brand_reports,5,0,78,1.8,0,28000,4900,32900,2,,,,40,,1,2022-01-01,2022-01
Norway,BYD,BEV+PHEV,2022,2,40,monthly_est,brand_reports,5.25,0,67.75,1.75,0,28000,4900,32900,2,40,,,40,,1,2022-02-01,2022-02
Norway,BYD,BEV+PHEV,2022,3,40,monthly_est,brand_reports,5.5,0,82.5,2.25,0,28000,4900,32900,2,40,,,40,,1,2022-03-01,2022-03
Norway,BYD,BEV+PHEV,2022,4,296,monthly_est,brand_reports,5.25,36.75,79.25,2.5,0,28000,4900,32900,2.35,40,40,,125.3333333,,2,2022-04-01,2022-04
Norway,BYD,BEV+PHEV,2022,5,296,monthly_est,brand_reports,4.8,0,75.8,2,18.6,28000,4900,32900,2.35,296,40,,210.6666667,,2,2022-05-01,2022-05
Norway,BYD,BEV+PHEV,2022,6,296,monthly_est,brand_reports,5.25,0,84.25,2.25,0,28000,4900,32900,2.35,296,40,,296,,2,2022-06-01,2022-06
Norway,BYD,BEV+PHEV,2022,7,473,monthly_est,brand_reports,6.2,20,89.6,2.6,0,28000,4900,32900,2.2,296,296,,355,,3,2022-07-01,2022-07
Norway,BYD,BEV+PHEV,2022,8,473,monthly_est,brand_reports,6,24.75,71.5,2.25,0,28000,4900,32900,2.2,473,296,,414,,3,2022-08-01,2022-08
Norway,BYD,BEV+PHEV,2022,9,473,monthly_est,brand_reports,5.5,0,63.75,1.75,0,28000,4900,32900,2.2,473,296,,473,,3,2022-09-01,2022-09
Norway,BYD,BEV+PHEV,2022,10,700,monthly_est,brand_reports,7.8,0,65.4,1.8,0,28000,4900,32900,2.05,473,473,,548.6666667,,4,2022-10-01,2022-10
Norway,BYD,BEV+PHEV,2022,11,700,monthly_est,brand_reports,6.75,17,64.5,1.5,0,28000,4900,32900,2.05,700,473,,624.3333333,,4,2022-11-01,2022-11
Norway,BYD,BEV+PHEV,2022,12,700,monthly_est,brand_reports,5.75,0,85,1.75,0,28000,4900,32900,2.05,700,473,,700,,4,2022-12-01,2022-12
Norway,BYD,BEV+PHEV,2023,1,1066,monthly_est,brand_reports,3.8,0,77.6,1,0,34000,6200,40200,1.9,700,700,40,822,25.65,1,2023-01-01,2023-01
Norway,BYD,BEV+PHEV,2023,2,1066,monthly_est,brand_reports,3.5,0,60.25,1,0,34000,6200,40200,1.9,1066,700,40,944,25.65,1,2023-02-01,2023-02
Norway,BYD,BEV+PHEV,2023,3,1066,monthly_est,brand_reports,2.75,0,60.5,1,0,34000,6200,40200,1.9,1066,700,40,1066,25.65,1,2023-03-01,2023-03
Norway,BYD,BEV+PHEV,2023,4,1933,monthly_est,brand_reports,3,0,56,1,0,34000,6200,40200,1.95,1066,1066,296,1355,5.5304,2,2023-04-01,2023-04
Norway,BYD,BEV+PHEV,2023,5,1933,monthly_est,brand_reports,3,0,50.75,1,25,34000,6200,40200,1.95,1933,1066,296,1644,5.5304,2,2023-05-01,2023-05
Norway,BYD,BEV+PHEV,2023,6,1933,monthly_est,brand_reports,2.75,0,54.5,1.25,0,34000,6200,40200,1.95,1933,1066,296,1933,5.5304,2,2023-06-01,2023-06
Norway,BYD,BEV+PHEV,2023,7,2400,monthly_est,brand_reports,3.2,17.8,63.2,1.4,0,34000,6200,40200,2,1933,1933,473,2088.666667,4.074,3,2023-07-01,2023-07
Norway,BYD,BEV+PHEV,2023,8,2400,monthly_est,brand_reports,3.25,17.5,49.25,1,21,34000,6200,40200,2,2400,1933,473,2244.333333,4.074,3,2023-08-01,2023-08
Norway,BYD,BEV+PHEV,2023,9,2400,monthly_est,brand_reports,3.5,0,48,1.25,0,34000,6200,40200,2,2400,1933,473,2400,4.074,3,2023-09-01,2023-09
Norway,BYD,BEV+PHEV,2023,10,3133,monthly_est,brand_reports,4,0,49.4,1,0,34000,6200,40200,1.88,2400,2400,700,2644.333333,3.4757,4,2023-10-01,2023-10
Norway,BYD,BEV+PHEV,2023,11,3133,monthly_est,brand_reports,4,0,43.75,1,0,34000,6200,40200,1.88,3133,2400,700,2888.666667,3.4757,4,2023-11-01,2023-11
Norway,BYD,BEV+PHEV,2023,12,3133,monthly_est,brand_reports,5.33,0,54,1.5,0,34000,6200,40200,1.88,3133,2400,700,3133,3.4757,4,2023-12-01,2023-12
USA,Tesla,BEV+PHEV,2020,1,15028,monthly_est,brand_reports,0,43,49,3.25,74.5,80000,20000,100000,0.58,,,,15028,,1,2020-01-01,2020-01
USA,Tesla,BEV+PHEV,2020,2,15028,monthly_est,brand_reports,0,42,63.5,3.25,83.75,80000,20000,100000,0.58,15028,,,15028,,1,2020-02-01,2020-02
USA,Tesla,BEV+PHEV,2020,3,15028,monthly_est,brand_reports,0,22.4,43.8,2.2,53.6,80000,20000,100000,0.58,15028,,,15028,,1,2020-03-01,2020-03
USA,Tesla,BEV+PHEV,2020,4,15028,monthly_est,brand_reports,0,18.25,34.5,2,48.75,80000,20000,100000,0.47,15028,15028,,15028,,2,2020-04-01,2020-04
USA,Tesla,BEV+PHEV,2020,5,15028,monthly_est,brand_reports,0,22,41,2.2,53.2,80000,20000,100000,0.47,15028,15028,,15028,,2,2020-05-01,2020-05
USA,Tesla,BEV+PHEV,2020,6,15028,monthly_est,brand_reports,0,34.5,50.75,3,68.5,80000,20000,100000,0.47,15028,15028,,15028,,2,2020-06-01,2020-06
USA,Tesla,BEV+PHEV,2020,7,15028,monthly_est,brand_reports,0.75,40,65.25,3,81.75,80000,20000,100000,0.56,15028,15028,,15028,,3,2020-07-01,2020-07
USA,Tesla,BEV+PHEV,2020,8,15028,monthly_est,brand_reports,0,35.6,70.6,3,74.6,80000,20000,100000,0.56,15028,15028,,15028,,3,2020-08-01,2020-08
USA,Tesla,BEV+PHEV,2020,9,15028,monthly_est,brand_reports,0,40,71.5,3.5,83.25,80000,20000,100000,0.56,15028,15028,,15028,,3,2020-09-01,2020-09
USA,Tesla,BEV+PHEV,2020,10,15028,monthly_est,brand_reports,0,43.5,55.25,3.5,78.75,80000,20000,100000,0.56,15028,15028,,15028,,4,2020-10-01,2020-10
USA,Tesla,BEV+PHEV,2020,11,15028,monthly_est,brand_reports,0.8,45.2,52.4,3.6,87.6,80000,20000,100000,0.56,15028,15028,,15028,,4,2020-11-01,2020-11
USA,Tesla,BEV+PHEV,2020,12,15028,monthly_est,brand_reports,0,41.2,64.6,4,72,80000,20000,100000,0.56,15028,15028,,15028,,4,2020-12-01,2020-12
USA,Tesla,BEV+PHEV,2021,1,60112,monthly_est,brand_reports,1,30.4,86.4,5.4,62,100000,26000,126000,0.64,15028,15028,15028,30056,3,1,2021-01-01,2021-01
USA,Tesla,BEV+PHEV,2021,2,60112,monthly_est,brand_reports,1,37.25,79,6,66,100000,26000,126000,0.64,60112,15028,15028,45084,3,1,2021-02-01,2021-02
USA,Tesla,BEV+PHEV,2021,3,60112,monthly_est,brand_reports,0.25,36.75,75.5,5.75,59,100000,26000,126000,0.64,60112,15028,15028,60112,3,1,2021-03-01,2021-03
USA,Tesla,BEV+PHEV,2021,4,67083,monthly_est,brand_reports,0.25,41,73.5,6.5,66.5,100000,26000,126000,0.79,60112,60112,15028,62435.66667,3.4639,2,2021-04-01,2021-04
USA,Tesla,BEV+PHEV,2021,5,67083,monthly_est,brand_reports,0,47.4,72.8,7.6,73,100000,26000,126000,0.79,67083,60112,15028,64759.33333,3.4639,2,2021-05-01,2021-05
USA,Tesla,BEV+PHEV,2021,6,67083,monthly_est,brand_reports,0,49,67.5,7.5,63,100000,26000,126000,0.79,67083,60112,15028,67083,3.4639,2,2021-06-01,2021-06
USA,Tesla,BEV+PHEV,2021,7,80433,monthly_est,brand_reports,0,45.75,63.25,6.75,59.25,100000,26000,126000,0.86,67083,67083,15028,71533,4.3522,3,2021-07-01,2021-07
USA,Tesla,BEV+PHEV,2021,8,80433,monthly_est,brand_reports,0.4,44.4,63,5.8,60.4,100000,26000,126000,0.86,80433,67083,15028,75983,4.3522,3,2021-08-01,2021-08
USA,Tesla,BEV+PHEV,2021,9,80433,monthly_est,brand_reports,0.25,39.25,60.25,6.25,64.5,100000,26000,126000,0.86,80433,67083,15028,80433,4.3522,3,2021-09-01,2021-09
USA,Tesla,BEV+PHEV,2021,10,102866,monthly_est,brand_reports,0.2,47.2,76.8,7,70.4,100000,26000,126000,0.92,80433,80433,15028,87910.66667,5.845,4,2021-10-01,2021-10
USA,Tesla,BEV+PHEV,2021,11,102866,monthly_est,brand_reports,0.25,60.25,77.25,8.75,86.25,100000,26000,126000,0.92,102866,80433,15028,95388.33333,5.845,4,2021-11-01,2021-11
USA,Tesla,BEV+PHEV,2021,12,102866,monthly_est,brand_reports,0,40.4,73,7,63.2,100000,26000,126000,0.92,102866,80433,15028,102866,5.845,4,2021-12-01,2021-12
USA,Tesla,BEV+PHEV,2022,1,99340,monthly_est,brand_reports,0.8,28,70.6,6.6,42.8,128000,32000,160000,1.01,102866,102866,60112,101690.6667,0.6526,1,2022-01-01,2022-01
USA,Tesla,BEV+PHEV,2022,2,99340,monthly_est,brand_reports,0,38.75,69.75,9.25,57.25,128000,32000,160000,1.01,99340,102866,60112,100515.3333,0.6526,1,2022-02-01,2022-02
USA,Tesla,BEV+PHEV,2022,3,99340,monthly_est,brand_reports,0,52.5,91.75,14.75,82.25,128000,32000,160000,1.01,99340,102866,60112,99340,0.6526,1,2022-03-01,2022-03
USA,Tesla,BEV+PHEV,2022,4,84898,monthly_est,brand_reports,0,42.5,84.5,10.5,62.25,128000,32000,160000,1.3,99340,99340,67083,94526,0.2656,2,2022-04-01,2022-04
USA,Tesla,BEV+PHEV,2022,5,84898,monthly_est,brand_reports,0.2,39.6,79,9.8,56,128000,32000,160000,1.3,84898,99340,67083,89712,0.2656,2,2022-05-01,2022-05
USA,Tesla,BEV+PHEV,2022,6,84898,monthly_est,brand_reports,0.75,52.25,80.75,11.75,65.25,128000,32000,160000,1.3,84898,99340,67083,84898,0.2656,2,2022-06-01,2022-06
USA,Tesla,BEV+PHEV,2022,7,114610,monthly_est,brand_reports,1.4,48.4,69.4,9.8,57.6,128000,32000,160000,1.2,84898,84898,80433,94802,0.4249,3,2022-07-01,2022-07
USA,Tesla,BEV+PHEV,2022,8,114610,monthly_est,brand_reports,0.75,48,71.25,10.25,69.75,128000,32000,160000,1.2,114610,84898,80433,104706,0.4249,3,2022-08-01,2022-08
USA,Tesla,BEV+PHEV,2022,9,114610,monthly_est,brand_reports,0.25,44.5,62.75,8.75,53.75,128000,32000,160000,1.2,114610,84898,80433,114610,0.4249,3,2022-09-01,2022-09
USA,Tesla,BEV+PHEV,2022,10,135092,monthly_est,brand_reports,0.4,39.6,61.2,7.6,50.4,128000,32000,160000,1.06,114610,114610,102866,121437.3333,0.3133,4,2022-10-01,2022-10
USA,Tesla,BEV+PHEV,2022,11,135092,monthly_est,brand_reports,0,37.25,60.25,6.75,45.25,128000,32000,160000,1.06,135092,114610,102866,128264.6667,0.3133,4,2022-11-01,2022-11
USA,Tesla,BEV+PHEV,2022,12,135092,monthly_est,brand_reports,0.25,40.75,74.25,7,46.25,128000,32000,160000,1.06,135092,114610,102866,135092,0.3133,4,2022-12-01,2022-12
USA,Tesla,BEV+PHEV,2023,1,140958,monthly_est,brand_reports,1,65.4,95.8,7.8,78,159000,42000,201000,0.95,135092,135092,99340,137047.3333,0.4189,1,2023-01-01,2023-01
USA,Tesla,BEV+PHEV,2023,2,140958,monthly_est,brand_reports,1.25,71,89.5,7.75,79.25,159000,42000,201000,0.95,140958,135092,99340,139002.6667,0.4189,1,2023-02-01,2023-02
USA,Tesla,BEV+PHEV,2023,3,140958,monthly_est,brand_reports,0.75,70,78.5,7.25,76.25,159000,42000,201000,0.95,140958,135092,99340,140958,0.4189,1,2023-03-01,2023-03
USA,Tesla,BEV+PHEV,2023,4,155380,monthly_est,brand_reports,1,75.4,81,8,80.6,159000,42000,201000,1,140958,140958,84898,145765.3333,0.8302,2,2023-04-01,2023-04
USA,Tesla,BEV+PHEV,2023,5,155380,monthly_est,brand_reports,1,75.25,77.25,7.5,66.25,159000,42000,201000,1,155380,140958,84898,150572.6667,0.8302,2,2023-05-01,2023-05
USA,Tesla,BEV+PHEV,2023,6,155380,monthly_est,brand_reports,1,87,88.5,7.25,69.25,159000,42000,201000,1,155380,140958,84898,155380,0.8302,2,2023-06-01,2023-06
USA,Tesla,BEV+PHEV,2023,7,166666,monthly_est,brand_reports,1,92.4,88.4,7.6,70.4,159000,42000,201000,1.07,155380,155380,114610,159142,0.4542,3,2023-07-01,2023-07
USA,Tesla,BEV+PHEV,2023,8,166666,monthly_est,brand_reports,0.75,90,80.75,7,73.5,159000,42000,201000,1.07,166666,155380,114610,162904,0.4542,3,2023-08-01,2023-08
USA,Tesla,BEV+PHEV,2023,9,166666,monthly_est,brand_reports,1,87.25,79.25,7.25,79,159000,42000,201000,1.07,166666,155380,114610,166666,0.4542,3,2023-09-01,2023-09
USA,Tesla,BEV+PHEV,2023,10,161502,monthly_est,brand_reports,1,85.4,76.8,7,76,159000,42000,201000,0.95,166666,166666,135092,164944.6667,0.1955,4,2023-10-01,2023-10
USA,Tesla,BEV+PHEV,2023,11,161502,monthly_est,brand_reports,1,81,73.75,7,71.5,159000,42000,201000,0.95,161502,166666,135092,163223.3333,0.1955,4,2023-11-01,2023-11
USA,Tesla,BEV+PHEV,2023,12,161502,monthly_est,brand_reports,2.17,77,77.17,6.83,68.67,159000,42000,201000,0.95,161502,166666,135092,161502,0.1955,4,2023-12-01,2023-12
UK,All,BEV+PHEV,2019,1,6269,monthly_est,IEA_Global_EV_Outlook_2024,0.5,42.5,24.25,11,68.75,18000,3200,21200,1.34,,,,6269,,1,2019-01-01,2019-01
UK,All,BEV+PHEV,2019,2,6269,monthly_est,IEA_Global_EV_Outlook_2024,0.25,43.5,29.25,12,68.25,18000,3200,21200,1.34,6269,,,6269,,1,2019-02-01,2019-02
UK,All,BEV+PHEV,2019,3,6269,monthly_est,IEA_Global_EV_Outlook_2024,0.6,49.2,33.6,11.4,73,18000,3200,21200,1.34,6269,,,6269,,1,2019-03-01,2019-03
UK,All,BEV+PHEV,2019,4,6269,monthly_est,IEA_Global_EV_Outlook_2024,0,46.25,33.75,12.75,71.75,18000,3200,21200,1.4,6269,6269,,6269,,2,2019-04-01,2019-04
UK,All,BEV+PHEV,2019,5,6269,monthly_est,IEA_Global_EV_Outlook_2024,0.25,48.75,33.75,12.5,64.75,18000,3200,21200,1.4,6269,6269,,6269,,2,2019-05-01,2019-05
UK,All,BEV+PHEV,2019,6,6269,monthly_est,IEA_Global_EV_Outlook_2024,0,58.2,38.4,14.4,84,18000,3200,21200,1.4,6269,6269,,6269,,2,2019-06-01,2019-06
UK,All,BEV+PHEV,2019,7,6269,monthly_est,IEA_Global_EV_Outlook_2024,0,61,36.75,16.25,81,18000,3200,21200,1.38,6269,6269,,6269,,3,2019-07-01,2019-07
UK,All,BEV+PHEV,2019,8,6269,monthly_est,IEA_Global_EV_Outlook_2024,0.25,59.25,34.5,13.75,74.75,18000,3200,21200,1.38,6269,6269,,6269,,3,2019-08-01,2019-08
UK,All,BEV+PHEV,2019,9,6269,monthly_est,IEA_Global_EV_Outlook_2024,0.4,65.2,38.4,13.8,78.4,18000,3200,21200,1.38,6269,6269,,6269,,3,2019-09-01,2019-09
UK,All,BEV+PHEV,2019,10,6269,monthly_est,IEA_Global_EV_Outlook_2024,0,70.25,37.25,16.25,85,18000,3200,21200,1.32,6269,6269,,6269,,4,2019-10-01,2019-10
UK,All,BEV+PHEV,2019,11,6269,monthly_est,IEA_Global_EV_Outlook_2024,0,70.5,68.25,14.5,86.5,18000,3200,21200,1.32,6269,6269,,6269,,4,2019-11-01,2019-11
UK,All,BEV+PHEV,2019,12,6269,monthly_est,IEA_Global_EV_Outlook_2024,0,59,45.17,15.5,71.17,18000,3200,21200,1.32,6269,6269,,6269,,4,2019-12-01,2019-12
UK,All,BEV+PHEV,2020,1,14590,monthly_est,IEA_Global_EV_Outlook_2024,0,68,58,18,74.25,22000,4100,26100,1.22,6269,6269,6269,9042.666667,1.3273,1,2020-01-01,2020-01
UK,All,BEV+PHEV,2020,2,14590,monthly_est,IEA_Global_EV_Outlook_2024,0,73.5,63.75,21.25,87.5,22000,4100,26100,1.22,14590,6269,6269,11816.33333,1.3273,1,2020-02-01,2020-02
UK,All,BEV+PHEV,2020,3,14590,monthly_est,IEA_Global_EV_Outlook_2024,0,43.8,41.8,11.6,57,22000,4100,26100,1.22,14590,6269,6269,14590,1.3273,1,2020-03-01,2020-03
UK,All,BEV+PHEV,2020,4,14590,monthly_est,IEA_Global_EV_Outlook_2024,0,19.75,36.5,8.75,36.75,22000,4100,26100,1.1,14590,14590,6269,14590,1.3273,2,2020-04-01,2020-04
UK,All,BEV+PHEV,2020,5,14590,monthly_est,IEA_Global_EV_Outlook_2024,0,31.4,40,11.6,49.6,22000,4100,26100,1.1,14590,14590,6269,14590,1.3273,2,2020-05-01,2020-05
UK,All,BEV+PHEV,2020,6,14590,monthly_est,IEA_Global_EV_Outlook_2024,0,44.25,47.25,15,59.75,22000,4100,26100,1.1,14590,14590,6269,14590,1.3273,2,2020-06-01,2020-06
UK,All,BEV+PHEV,2020,7,14590,monthly_est,IEA_Global_EV_Outlook_2024,0.25,61.75,64.5,15.75,65.25,22000,4100,26100,1.18,14590,14590,6269,14590,1.3273,3,2020-07-01,2020-07
UK,All,BEV+PHEV,2020,8,14590,monthly_est,IEA_Global_EV_Outlook_2024,0,61.2,67,17.6,61.4,22000,4100,26100,1.18,14590,14590,6269,14590,1.3273,3,2020-08-01,2020-08
UK,All,BEV+PHEV,2020,9,14590,monthly_est,IEA_Global_EV_Outlook_2024,0.25,73.25,78.75,17,68.5,22000,4100,26100,1.18,14590,14590,6269,14590,1.3273,3,2020-09-01,2020-09
UK,All,BEV+PHEV,2020,10,14590,monthly_est,IEA_Global_EV_Outlook_2024,0,65.5,55.5,16.25,67.25,22000,4100,26100,1.2,14590,14590,6269,14590,1.3273,4,2020-10-01,2020-10
UK,All,BEV+PHEV,2020,11,14590,monthly_est,IEA_Global_EV_Outlook_2024,1,70.4,53.6,19.6,80.8,22000,4100,26100,1.2,14590,14590,6269,14590,1.3273,4,2020-11-01,2020-11
UK,All,BEV+PHEV,2020,12,14590,monthly_est,IEA_Global_EV_Outlook_2024,0,56,61.6,18,52.8,22000,4100,26100,1.2,14590,14590,6269,14590,1.3273,4,2020-12-01,2020-12
UK,All,BEV+PHEV,2021,1,25422,monthly_est,IEA_Global_EV_Outlook_2024,1,35,83,18.6,43.4,28000,5400,33400,1.25,14590,14590,14590,18200.66667,0.7424,1,2021-01-01,2021-01
UK,All,BEV+PHEV,2021,2,25422,monthly_est,IEA_Global_EV_Outlook_2024,1,46,81.5,21.25,49.5,28000,5400,33400,1.25,25422,14590,14590,21811.33333,0.7424,1,2021-02-01,2021-02
UK,All,BEV+PHEV,2021,3,25422,monthly_est,IEA_Global_EV_Outlook_2024,0.75,47.25,76,21,45,28000,5400,33400,1.25,25422,14590,14590,25422,0.7424,1,2021-03-01,2021-03
UK,All,BEV+PHEV,2021,4,25422,monthly_est,IEA_Global_EV_Outlook_2024,1,54.75,70,22.75,47.5,28000,5400,33400,1.36,25422,25422,14590,25422,0.7424,2,2021-04-01,2021-04
UK,All,BEV+PHEV,2021,5,25422,monthly_est,IEA_Global_EV_Outlook_2024,0.8,64.2,66.4,23.4,48,28000,5400,33400,1.36,25422,25422,14590,25422,0.7424,2,2021-05-01,2021-05
UK,All,BEV+PHEV,2021,6,25422,monthly_est,IEA_Global_EV_Outlook_2024,1,68.25,59.5,23.75,48.75,28000,5400,33400,1.36,25422,25422,14590,25422,0.7424,2,2021-06-01,2021-06
UK,All,BEV+PHEV,2021,7,25422,monthly_est,IEA_Global_EV_Outlook_2024,0.5,70.25,55.25,25.75,46.75,28000,5400,33400,1.42,25422,25422,14590,25422,0.7424,3,2021-07-01,2021-07
UK,All,BEV+PHEV,2021,8,25422,monthly_est,IEA_Global_EV_Outlook_2024,0.6,78.6,58.6,27.2,47.2,28000,5400,33400,1.42,25422,25422,14590,25422,0.7424,3,2021-08-01,2021-08
UK,All,BEV+PHEV,2021,9,25422,monthly_est,IEA_Global_EV_Outlook_2024,0.25,86.75,57.25,33.25,55.25,28000,5400,33400,1.42,25422,25422,14590,25422,0.7424,3,2021-09-01,2021-09
UK,All,BEV+PHEV,2021,10,25422,monthly_est,IEA_Global_EV_Outlook_2024,1,91.4,76.8,37.4,61.8,28000,5400,33400,1.55,25422,25422,14590,25422,0.7424,4,2021-10-01,2021-10
UK,All,BEV+PHEV,2021,11,25422,monthly_est,IEA_Global_EV_Outlook_2024,1,91.75,76.25,30.5,63.75,28000,5400,33400,1.55,25422,25422,14590,25422,0.7424,4,2021-11-01,2021-11
UK,All,BEV+PHEV,2021,12,25422,monthly_est,IEA_Global_EV_Outlook_2024,0.8,75.6,66.8,25.2,44.4,28000,5400,33400,1.55,25422,25422,14590,25422,0.7424,4,2021-12-01,2021-12
UK,All,BEV+PHEV,2022,1,30960,monthly_est,IEA_Global_EV_Outlook_2024,1,79.2,80.4,32.2,49.4,37000,7800,44800,1.68,25422,25422,25422,27268,0.2178,1,2022-01-01,2022-01
UK,All,BEV+PHEV,2022,2,30960,monthly_est,IEA_Global_EV_Outlook_2024,1,81.75,71,31.25,53.5,37000,7800,44800,1.68,30960,25422,25422,29114,0.2178,1,2022-02-01,2022-02
UK,All,BEV+PHEV,2022,3,30960,monthly_est,IEA_Global_EV_Outlook_2024,1,97.5,86.25,46.25,60.75,37000,7800,44800,1.68,30960,25422,25422,30960,0.2178,1,2022-03-01,2022-03
UK,All,BEV+PHEV,2022,4,30960,monthly_est,IEA_Global_EV_Outlook_2024,1,83.5,86.25,38.75,51.25,37000,7800,44800,2,30960,30960,25422,30960,0.2178,2,2022-04-01,2022-04
UK,All,BEV+PHEV,2022,5,30960,monthly_est,IEA_Global_EV_Outlook_2024,1,75,78.4,30.6,46.2,37000,7800,44800,2,30960,30960,25422,30960,0.2178,2,2022-05-01,2022-05
UK,All,BEV+PHEV,2022,6,30960,monthly_est,IEA_Global_EV_Outlook_2024,1,92.5,72.5,45,53,37000,7800,44800,2,30960,30960,25422,30960,0.2178,2,2022-06-01,2022-06
UK,All,BEV+PHEV,2022,7,30960,monthly_est,IEA_Global_EV_Outlook_2024,1.4,91,65.8,33.2,45.2,37000,7800,44800,1.95,30960,30960,25422,30960,0.2178,3,2022-07-01,2022-07
UK,All,BEV+PHEV,2022,8,30960,monthly_est,IEA_Global_EV_Outlook_2024,1,86.5,67.5,30.25,45.5,37000,7800,44800,1.95,30960,30960,25422,30960,0.2178,3,2022-08-01,2022-08
UK,All,BEV+PHEV,2022,9,30960,monthly_est,IEA_Global_EV_Outlook_2024,1,78.75,61.25,27.75,43.5,37000,7800,44800,1.95,30960,30960,25422,30960,0.2178,3,2022-09-01,2022-09
UK,All,BEV+PHEV,2022,10,30960,monthly_est,IEA_Global_EV_Outlook_2024,1,82.4,62.4,25.6,43.8,37000,7800,44800,1.82,30960,30960,25422,30960,0.2178,4,2022-10-01,2022-10
UK,All,BEV+PHEV,2022,11,30960,monthly_est,IEA_Global_EV_Outlook_2024,1.25,77.5,60.75,25.25,48.5,37000,7800,44800,1.82,30960,30960,25422,30960,0.2178,4,2022-11-01,2022-11
UK,All,BEV+PHEV,2022,12,30960,monthly_est,IEA_Global_EV_Outlook_2024,1,83.75,77.25,24.25,37,37000,7800,44800,1.82,30960,30960,25422,30960,0.2178,4,2022-12-01,2022-12
UK,All,BEV+PHEV,2023,1,40000,monthly_est,IEA_Global_EV_Outlook_2024,1.8,77,96.8,30.2,39.8,50000,11000,61000,1.72,30960,30960,30960,33973.33333,0.292,1,2023-01-01,2023-01
UK,All,BEV+PHEV,2023,2,40000,monthly_est,IEA_Global_EV_Outlook_2024,2,74.25,82.75,28.25,39.5,50000,11000,61000,1.72,40000,30960,30960,36986.66667,0.292,1,2023-02-01,2023-02
UK,All,BEV+PHEV,2023,3,40000,monthly_est,IEA_Global_EV_Outlook_2024,2.75,85.5,80,27.25,40.75,50000,11000,61000,1.72,40000,30960,30960,40000,0.292,1,2023-03-01,2023-03
UK,All,BEV+PHEV,2023,4,40000,monthly_est,IEA_Global_EV_Outlook_2024,3.4,84,75.6,27.8,37.2,50000,11000,61000,1.75,40000,40000,30960,40000,0.292,2,2023-04-01,2023-04
UK,All,BEV+PHEV,2023,5,40000,monthly_est,IEA_Global_EV_Outlook_2024,2.5,80.75,73.75,27,39.25,50000,11000,61000,1.75,40000,40000,30960,40000,0.292,2,2023-05-01,2023-05
UK,All,BEV+PHEV,2023,6,40000,monthly_est,IEA_Global_EV_Outlook_2024,2.5,82,77.5,28,36.75,50000,11000,61000,1.75,40000,40000,30960,40000,0.292,2,2023-06-01,2023-06
UK,All,BEV+PHEV,2023,7,40000,monthly_est,IEA_Global_EV_Outlook_2024,2.6,91.6,80.4,30.4,39.4,50000,11000,61000,1.8,40000,40000,30960,40000,0.292,3,2023-07-01,2023-07
UK,All,BEV+PHEV,2023,8,40000,monthly_est,IEA_Global_EV_Outlook_2024,3.25,86.75,71.25,28.25,36,50000,11000,61000,1.8,40000,40000,30960,40000,0.292,3,2023-08-01,2023-08
UK,All,BEV+PHEV,2023,9,40000,monthly_est,IEA_Global_EV_Outlook_2024,6.5,95,73,30,44,50000,11000,61000,1.8,40000,40000,30960,40000,0.292,3,2023-09-01,2023-09
UK,All,BEV+PHEV,2023,10,40000,monthly_est,IEA_Global_EV_Outlook_2024,4.6,91,68.8,30.2,45.4,50000,11000,61000,1.68,40000,40000,30960,40000,0.292,4,2023-10-01,2023-10
UK,All,BEV+PHEV,2023,11,40000,monthly_est,IEA_Global_EV_Outlook_2024,4.5,86.5,70.75,26.5,40.5,50000,11000,61000,1.68,40000,40000,30960,40000,0.292,4,2023-11-01,2023-11
UK,All,BEV+PHEV,2023,12,40000,monthly_est,IEA_Global_EV_Outlook_2024,17.33,81,71,26.33,37.67,50000,11000,61000,1.68,40000,40000,30960,40000,0.292,4,2023-12-01,2023-12
